"","User_ID_Str","Scamdemic","Plandemic","Scaredemic","NoCovidVaccine","FilmYourHospital","fiveGCoronavirus","FireFauci","ExposeBillGates","hoaxvirus","covid19hoax","coronahoax","dontwearamask","id2020","covid1984","maskoff","Arrestbillgates","Barbaramdev","Chinesebioterrorism","Coronil","Cv1984","Drfraudfauci","Emptyhospitals","Endcovidscamnow","Faucifraud","Faucithefraud","Hcqworks","Hydroxycholorquineworks","Limengyan","Plandemicdocumentary","Ramdev","Arrestfauci","Casedemic","Covidhoax"
"1",7712832,2,7,0,0,0,0,1,0,0,0,1,0,1,2,0,0,0,0,0,0,0,0,0,0,0,0,0,0,0,0,0,0,5
"2",15656004,5,8,0,0,0,0,2,0,0,0,0,0,0,0,0,0,0,0,0,0,0,0,0,3,1,1,0,0,0,0,0,0,0
"3",16585101,3,12,0,0,1,0,3,0,0,0,0,0,0,0,0,0,0,0,0,0,0,0,0,4,3,0,0,0,0,0,0,0,1
"4",17760630,0,5,0,0,0,0,1,0,0,0,2,0,0,0,0,1,0,1,0,0,0,0,0,1,1,0,0,0,0,0,0,0,2
"5",18393418,6,9,0,0,2,0,2,0,0,0,0,0,0,0,0,0,0,0,0,0,0,0,0,0,0,2,0,0,1,0,0,0,0
"6",18673125,3,4,0,0,1,0,3,0,0,0,0,0,0,2,0,0,0,0,0,0,0,0,0,0,1,0,0,0,0,0,0,1,2
"7",19380916,3,5,0,0,4,0,1,0,0,0,0,0,1,0,0,0,0,0,0,0,0,1,0,2,0,1,0,0,0,0,0,2,0
"8",19921268,4,6,0,0,2,0,2,0,0,0,0,0,0,0,0,0,0,0,0,0,0,1,0,1,2,0,0,0,0,0,0,0,2
"9",20271982,6,15,0,0,0,1,1,4,0,0,1,0,4,5,0,1,0,0,0,0,0,0,0,0,1,0,0,0,0,0,0,0,5
"10",22822556,3,14,0,0,1,0,2,10,0,0,2,0,4,9,0,1,0,0,0,0,0,0,0,1,2,0,0,0,1,0,0,0,1
"11",22972709,7,4,0,0,3,0,2,3,0,0,0,0,0,6,0,0,0,0,0,0,0,0,0,0,0,0,0,0,0,0,0,4,0
"12",23341972,4,4,0,0,0,0,2,0,0,0,1,0,0,0,0,0,0,0,0,0,0,0,0,1,0,0,0,0,0,0,0,0,0
"13",24790428,3,10,0,0,0,0,2,1,0,0,1,0,2,2,0,2,0,0,0,0,0,0,0,3,2,0,0,0,0,0,0,0,7
"14",27185670,4,12,0,0,2,0,4,0,0,0,0,0,0,0,0,0,0,1,0,0,0,0,0,6,7,1,0,0,0,0,0,0,0
"15",28037002,3,5,0,0,2,0,0,0,0,0,0,0,0,2,0,0,0,0,0,0,0,0,0,0,0,0,0,0,0,0,0,1,1
"16",28625375,10,14,0,0,2,0,2,0,0,0,2,0,1,0,0,1,0,0,0,0,0,1,0,4,4,1,0,0,0,0,0,0,0
"17",29547555,2,5,0,0,1,0,1,4,0,0,0,0,2,12,0,0,0,0,0,0,0,0,0,0,0,0,0,0,0,0,0,0,0
"18",30266529,4,4,0,0,1,0,5,1,0,0,0,0,0,0,0,1,0,0,0,0,0,0,0,2,1,1,0,0,0,0,0,1,0
"19",30849514,2,1,0,0,1,0,3,0,0,0,0,0,0,0,0,0,0,0,0,0,0,0,0,0,0,0,0,0,0,0,0,0,0
"20",33139373,3,1,0,0,5,0,0,0,0,0,3,0,0,0,0,0,0,0,0,0,0,1,0,0,0,0,0,0,0,0,0,0,0
"21",37275487,12,16,0,0,2,0,2,3,0,0,0,1,4,6,0,0,0,0,0,0,0,0,0,0,0,0,0,0,1,0,0,2,2
"22",39890390,4,3,0,0,1,0,2,0,0,0,0,0,0,0,0,0,0,0,0,0,0,0,0,1,1,0,0,0,1,0,0,0,2
"23",42283761,2,3,0,0,2,0,1,0,0,0,0,0,0,0,0,0,0,0,0,0,0,0,1,0,2,0,0,0,0,0,0,0,1
"24",43838991,2,1,0,0,3,0,0,0,0,0,1,0,1,0,0,0,0,0,0,0,0,0,0,2,0,0,0,0,0,0,1,0,2
"25",52439119,9,16,0,0,1,1,10,3,0,0,0,0,2,1,0,0,0,0,0,0,0,0,0,3,1,1,0,0,2,0,0,0,1
"26",53745076,3,9,0,0,0,0,2,0,0,0,0,0,0,0,0,0,0,2,0,0,0,0,0,6,6,1,0,0,0,0,0,0,0
"27",55227849,4,5,0,0,2,0,1,0,0,0,0,0,0,0,0,0,0,0,0,0,0,0,0,0,0,0,0,0,0,0,1,0,1
"28",55638625,8,3,0,0,1,1,0,0,0,0,0,0,0,2,0,0,0,0,0,0,0,0,0,0,0,0,0,0,0,0,0,0,0
"29",55915345,4,3,0,0,2,0,1,0,0,0,1,0,0,0,0,0,0,0,0,0,0,0,0,0,0,0,0,0,0,0,0,0,0
"30",66053650,3,4,0,0,0,0,3,0,0,0,1,0,0,0,0,1,0,1,0,0,0,0,0,1,2,1,0,0,0,0,1,0,1
"31",66205247,10,5,0,0,2,0,0,0,0,0,0,2,1,4,0,0,0,0,0,0,0,1,0,0,0,0,0,0,0,0,0,1,0
"32",66299698,2,10,0,0,0,0,1,0,0,0,0,0,0,1,0,0,0,0,0,0,0,0,0,1,4,0,0,0,1,0,0,0,1
"33",73025974,1,2,0,0,1,0,0,0,0,0,0,0,1,0,0,0,0,0,0,0,0,0,0,0,1,0,0,0,0,0,0,0,0
"34",78328789,5,8,0,0,1,0,1,1,0,0,1,0,0,0,0,0,0,0,0,0,0,0,0,0,0,0,0,0,0,0,0,0,0
"35",85904700,1,2,0,0,1,0,1,0,0,0,0,0,0,0,0,0,0,0,0,0,0,0,0,0,0,0,0,0,1,0,1,0,0
"36",89300184,7,10,0,0,14,0,5,13,1,0,2,0,2,34,0,1,0,0,0,0,0,2,0,6,3,40,0,0,0,0,0,0,2
"37",108510851,2,6,0,0,1,0,4,0,0,0,0,0,0,1,0,0,0,0,0,0,0,1,0,1,1,0,0,0,0,0,0,1,0
"38",109604292,2,8,0,0,1,0,0,0,0,0,2,0,0,0,0,0,0,0,0,0,0,0,0,0,0,0,0,0,0,0,0,0,0
"39",116572628,2,0,0,0,1,0,56,0,0,1,1,0,1,0,0,0,0,0,0,0,0,0,0,0,0,0,0,0,0,0,0,0,0
"40",123603770,2,4,0,0,2,0,0,0,0,0,0,0,0,0,0,0,0,1,0,0,0,0,0,0,1,0,0,0,0,0,0,0,0
"41",129949447,3,10,0,0,1,0,7,0,0,0,1,0,0,0,0,0,0,0,0,0,0,1,0,1,1,1,0,0,0,0,1,0,6
"42",133259087,5,8,0,0,0,0,0,0,0,0,1,1,1,2,0,0,0,0,0,0,0,0,0,0,0,0,0,0,0,0,0,1,1
"43",137552604,13,6,0,0,3,0,1,4,0,0,1,0,3,2,0,0,0,0,0,0,0,1,0,1,0,0,0,0,0,0,0,0,0
"44",139438330,3,5,0,0,2,0,2,0,0,1,0,0,1,0,0,0,0,0,0,0,0,0,0,0,4,1,0,0,0,0,0,0,0
"45",146591896,3,4,0,0,0,0,3,0,0,0,0,0,0,0,0,0,0,1,0,0,0,0,0,3,2,0,0,0,0,0,0,0,0
"46",158950134,1,5,0,0,1,0,1,1,0,0,0,0,1,0,0,0,0,0,0,0,0,0,0,0,0,1,0,0,0,0,1,0,0
"47",184529787,10,20,0,0,0,7,3,0,0,0,1,0,6,0,0,0,0,0,0,0,0,0,0,0,3,0,0,0,0,0,0,0,2
"48",192376232,3,5,0,0,1,0,1,0,0,0,0,0,0,0,0,0,0,0,0,0,0,0,0,0,1,0,0,0,0,0,0,0,2
"49",218981783,3,3,0,0,2,0,0,3,0,0,0,0,0,1,0,0,0,0,0,0,0,0,0,1,0,0,0,0,0,0,0,0,0
"50",252097435,7,11,0,0,2,0,0,1,0,0,1,0,2,2,0,0,0,0,0,0,0,0,0,0,0,0,0,0,0,0,0,4,2
"51",253637278,11,11,0,0,3,0,1,1,0,0,1,0,0,1,0,0,0,0,0,0,0,0,0,0,0,0,0,0,0,0,0,0,0
"52",253750776,2,2,0,0,6,1,0,0,0,0,2,0,1,3,0,0,0,0,0,0,0,1,0,0,0,0,0,0,0,0,0,0,0
"53",254705800,5,3,0,0,1,0,0,1,0,0,1,0,2,0,0,0,0,0,0,0,0,0,0,0,0,1,0,0,0,0,1,0,0
"54",256138776,9,7,0,0,0,0,3,1,0,0,2,0,0,7,0,0,0,0,0,0,0,0,0,0,1,2,0,0,0,0,0,0,0
"55",271871753,1,10,0,0,2,0,2,1,0,0,0,0,2,2,0,0,0,0,0,0,0,0,0,0,0,0,0,0,0,0,0,0,0
"56",272118514,17,35,0,0,2,1,0,0,1,2,12,0,9,8,0,0,0,0,0,0,0,1,0,2,0,0,0,0,0,0,0,2,5
"57",276547070,3,6,0,0,1,0,2,0,0,0,0,0,3,4,0,0,0,1,0,0,0,0,0,0,0,0,0,0,0,0,0,0,1
"58",277817081,4,6,0,0,2,0,2,0,0,0,1,0,0,1,0,0,0,0,0,0,0,2,0,1,1,0,0,0,0,0,0,1,0
"59",278570134,9,1,0,0,2,0,0,2,0,0,1,0,1,3,0,0,0,0,0,0,0,1,0,0,2,0,0,0,0,0,0,0,0
"60",292904253,8,30,0,0,2,0,6,0,0,0,1,0,7,5,0,1,0,0,0,0,0,0,0,0,1,5,0,0,1,0,1,1,5
"61",300187498,4,6,0,0,0,0,0,1,0,1,1,0,0,1,0,0,0,0,0,0,0,0,0,0,0,0,0,0,0,0,0,1,1
"62",310471172,3,4,0,0,2,0,0,0,0,0,1,0,0,0,0,0,0,0,0,0,0,0,0,0,1,0,0,0,0,0,0,0,0
"63",311535208,5,8,0,0,1,0,0,6,0,0,0,0,2,6,0,0,0,0,0,0,0,1,0,0,0,0,0,0,0,0,0,0,0
"64",321035269,5,14,0,0,0,0,5,0,0,0,0,0,0,1,0,1,0,1,0,0,0,0,0,4,1,0,0,0,0,0,1,0,0
"65",325356525,1,2,0,0,1,0,2,1,0,0,0,0,0,0,0,0,0,0,0,0,0,0,0,0,0,0,0,0,0,0,0,1,0
"66",333890160,5,12,0,0,1,0,2,1,0,0,1,2,0,0,0,0,0,0,0,0,0,0,0,1,1,0,0,0,0,0,0,1,0
"67",337374800,0,5,0,0,0,0,1,0,0,0,1,0,1,0,0,0,0,0,0,0,0,0,0,1,0,0,0,0,0,0,0,0,1
"68",339542327,13,21,0,0,4,1,0,3,0,0,1,0,5,4,0,0,0,0,0,0,0,1,0,0,0,0,0,0,0,0,0,0,0
"69",351854847,1,8,0,0,1,0,5,2,0,0,1,0,2,2,0,0,0,0,0,0,0,1,0,0,0,0,0,0,0,0,0,0,2
"70",360343192,5,4,0,0,2,0,0,0,0,0,0,0,0,0,0,0,0,0,0,0,0,0,0,1,2,0,0,0,0,0,0,0,0
"71",371806506,3,5,0,0,0,0,0,0,0,0,0,0,1,0,0,0,0,0,0,0,0,0,0,0,0,0,0,0,0,0,0,0,3
"72",374037230,6,10,0,0,0,0,3,0,0,0,0,0,0,0,0,1,0,0,0,0,0,0,0,5,9,1,0,0,0,0,1,0,2
"73",375096676,1,2,0,0,2,0,1,2,0,0,1,0,0,0,0,0,0,0,0,0,0,1,0,0,0,0,0,0,0,0,0,0,0
"74",386111879,4,4,0,0,7,1,0,3,0,0,19,0,1,2,0,0,0,0,0,0,0,1,0,0,0,0,0,0,0,0,0,0,2
"75",395032876,4,16,0,0,2,0,4,5,0,0,1,0,3,0,0,1,0,0,0,0,0,0,0,0,7,2,0,0,0,0,0,0,1
"76",405341045,2,5,0,0,0,0,3,0,0,0,0,0,0,0,0,0,0,0,0,0,0,0,0,3,2,2,0,0,0,0,0,0,1
"77",422202151,14,8,0,0,0,0,0,0,0,0,2,0,0,0,0,0,0,0,0,0,0,0,0,0,0,0,0,0,0,0,0,1,1
"78",424664120,0,123,0,0,2,0,9,0,0,0,0,0,1,0,0,0,0,0,0,0,0,0,0,0,0,0,0,0,50,0,0,0,0
"79",488580338,20,16,0,0,1,0,4,1,0,0,0,0,0,0,0,0,0,0,0,0,0,0,0,2,2,4,0,0,0,0,0,0,1
"80",519899474,3,9,0,0,1,0,4,0,0,0,0,0,0,0,0,0,0,0,0,0,0,0,0,0,1,0,0,0,0,0,0,1,1
"81",532438266,7,2,0,0,2,0,1,0,0,0,0,0,0,0,0,0,0,0,0,0,0,1,0,0,2,1,0,0,0,0,0,0,0
"82",540106220,0,4,0,0,1,0,1,2,0,0,0,0,0,0,0,0,0,0,0,0,0,0,0,0,0,0,0,0,0,0,0,0,0
"83",543775569,1,0,0,0,1,0,1,0,0,0,0,0,0,0,0,0,0,0,0,0,0,0,0,0,0,1,0,0,0,0,0,0,2
"84",559640052,5,2,0,0,2,0,0,0,0,0,0,0,1,0,0,0,0,0,0,0,0,0,0,0,1,0,0,0,0,0,0,0,0
"85",563130155,4,7,0,0,1,0,3,1,0,0,0,0,0,0,0,0,0,0,0,0,0,0,0,0,1,1,0,0,0,0,0,0,1
"86",565629301,3,6,0,0,3,1,0,0,0,0,0,0,0,2,0,0,0,0,0,0,0,0,0,0,0,0,0,0,0,0,0,1,1
"87",569612713,5,10,0,0,1,0,0,0,0,0,0,0,0,0,1,0,0,0,0,0,0,0,0,0,2,1,0,0,0,0,0,0,0
"88",570115053,2,6,0,0,2,0,4,0,0,0,0,0,0,0,0,0,0,0,0,0,0,0,0,0,4,2,0,0,0,0,0,2,1
"89",574784221,6,6,0,0,1,0,0,0,0,0,0,0,0,1,0,0,0,0,0,0,0,0,0,0,2,0,0,0,0,0,0,1,0
"90",623258004,6,5,0,0,2,0,4,0,0,0,0,0,0,0,0,0,0,0,0,0,0,0,0,0,0,0,0,0,0,0,0,0,1
"91",634127491,9,18,0,0,1,0,0,0,0,0,0,0,2,1,0,0,0,0,0,0,0,1,0,1,0,4,0,0,0,0,0,1,2
"92",637211551,3,2,0,0,0,0,0,0,0,1,1,0,0,1,0,0,0,0,0,0,0,0,0,0,0,0,0,0,0,0,0,0,0
"93",707173556,0,8,0,0,1,0,1,0,0,0,0,0,0,0,0,0,0,0,0,0,0,0,0,1,0,0,0,0,0,0,0,0,0
"94",712936263,3,14,0,0,2,0,5,0,0,0,0,0,0,0,0,0,0,0,0,0,0,0,0,1,0,2,0,0,2,0,0,0,3
"95",716409301,2,2,0,0,2,0,1,0,0,0,0,0,0,0,0,0,0,0,0,0,0,0,0,0,1,0,0,0,0,0,0,0,0
"96",755547306,7,1,0,0,2,0,2,3,0,0,1,0,0,0,0,0,0,0,0,0,0,0,0,0,0,0,0,0,0,0,0,0,1
"97",766392294,8,3,0,0,0,0,0,1,0,0,1,0,0,1,0,0,0,0,0,0,0,0,0,0,0,0,0,0,0,0,0,0,0
"98",801050580,3,1,0,0,1,0,1,1,0,0,2,0,0,0,1,0,0,0,0,0,0,0,0,0,0,0,0,0,0,0,0,0,0
"99",836346872,4,3,0,0,1,1,1,0,0,0,0,0,0,0,0,0,0,0,0,0,0,0,0,0,0,0,0,0,0,0,0,0,0
"100",838261279,1,2,0,0,1,0,0,1,0,0,0,0,0,2,0,0,0,0,0,0,0,1,0,0,0,0,0,0,0,0,0,0,0
"101",851540730,1,3,0,0,1,0,2,1,0,0,0,0,0,0,0,0,0,0,0,0,0,0,0,0,0,1,0,0,0,0,0,1,0
"102",860691823,3,8,0,0,3,0,1,0,0,0,0,0,1,0,1,0,0,0,0,0,0,1,0,0,0,1,0,0,0,0,1,0,1
"103",868549795,11,21,0,0,1,0,2,1,0,0,1,0,2,6,0,0,0,0,0,0,0,0,0,0,0,0,0,0,1,0,0,2,1
"104",901131235,0,0,0,0,0,0,0,0,0,0,0,0,0,0,0,0,0,0,32,0,0,0,0,0,0,0,0,0,0,0,0,0,0
"105",908064396,1,7,0,0,1,0,1,2,0,0,0,0,0,2,0,0,0,0,0,0,0,0,0,0,0,0,0,0,0,0,0,1,0
"106",920734206,2,15,0,0,3,1,0,0,0,0,4,0,4,5,0,0,0,0,0,0,0,0,0,0,0,0,0,0,0,0,0,0,0
"107",987413828,11,6,0,0,2,2,0,0,0,0,1,0,1,0,0,0,0,0,0,0,0,0,0,0,0,0,0,0,0,0,0,0,0
"108",989767374,8,6,0,0,1,0,1,0,0,0,0,0,0,0,0,0,0,0,0,0,0,0,0,0,0,0,0,0,1,0,0,0,1
"109",1058808528,9,7,0,0,3,0,0,0,0,0,0,0,0,6,0,0,0,0,0,0,0,1,0,1,2,0,0,0,0,0,0,0,0
"110",1082171360,4,6,0,0,2,0,0,1,0,0,0,0,0,0,0,0,0,0,0,0,0,1,0,1,0,0,0,0,0,0,0,1,0
"111",1084754252,1,4,0,0,1,0,0,0,0,0,0,0,2,1,0,0,0,0,0,0,0,0,0,0,0,0,0,0,0,0,0,0,0
"112",1089076532,11,24,0,0,1,0,0,1,0,0,9,0,1,7,0,0,0,0,0,0,0,0,0,0,0,0,0,0,0,0,0,0,5
"113",1113245642,7,4,0,0,2,0,0,3,0,0,1,0,0,4,0,0,0,0,0,0,0,1,0,0,0,0,0,0,0,0,0,0,0
"114",1147408314,2,5,0,0,0,0,1,3,0,0,0,0,1,2,0,0,0,0,0,0,0,0,0,0,0,0,0,0,0,0,0,0,0
"115",1169438480,5,4,0,0,1,0,2,0,0,0,0,0,1,0,0,1,0,0,0,0,0,2,0,0,3,1,0,0,0,0,0,1,0
"116",1210332085,2,2,0,0,1,0,1,0,0,0,0,0,0,0,0,0,0,1,0,0,0,0,0,0,0,0,0,0,0,0,0,0,0
"117",1226240797,18,26,0,0,54,0,11,0,0,0,13,0,3,3,0,2,0,0,0,0,0,25,0,1,3,0,0,0,0,0,3,0,3
"118",1254645558,3,9,0,0,0,0,3,0,0,0,0,0,0,0,0,0,0,1,0,0,0,0,0,4,3,0,0,0,0,0,0,0,0
"119",1270821780,0,0,0,0,0,0,4,1,0,0,0,0,0,1,0,0,0,3,2,0,0,0,0,1,0,2,0,0,0,0,0,0,0
"120",1325337348,2,14,0,0,12,0,4,1,0,0,3,0,1,3,0,0,0,1,0,0,0,0,0,2,3,0,0,1,0,0,0,0,0
"121",1341686353,9,5,0,0,0,0,1,1,0,0,7,0,1,3,0,0,0,0,0,0,0,0,0,0,0,0,0,0,0,0,0,0,3
"122",1357695877,2,2,0,0,2,0,0,2,0,0,0,0,0,0,0,0,0,0,0,0,0,0,0,0,0,0,0,0,0,0,0,1,1
"123",1368236850,5,5,0,0,0,0,4,0,0,0,0,0,0,0,0,0,0,1,0,0,0,0,0,4,5,0,0,0,0,0,0,0,0
"124",1392450798,5,12,0,0,2,0,4,3,0,0,2,0,3,7,0,0,0,0,0,0,0,1,0,0,0,1,0,0,0,0,0,0,1
"125",1401244394,2,5,0,0,3,0,0,0,0,0,0,0,1,0,0,0,0,0,0,0,0,1,0,1,3,1,0,0,0,0,0,0,1
"126",1441308799,3,3,0,0,3,0,0,1,0,0,1,0,0,0,0,0,0,0,0,0,0,2,0,0,0,0,0,0,0,0,0,0,0
"127",1455286956,11,19,0,0,1,0,2,0,0,0,0,0,0,0,0,0,0,0,0,0,0,0,0,0,0,3,0,0,0,0,0,0,0
"128",1460038886,3,6,0,0,5,0,1,0,0,0,3,0,0,0,0,0,0,0,0,0,0,0,0,0,0,0,0,0,0,0,0,0,1
"129",1506905197,13,4,0,0,1,0,1,0,0,0,0,0,1,2,0,0,0,0,0,0,0,0,0,2,2,0,0,0,0,0,0,0,1
"130",1558861508,6,144,0,0,0,0,25,8,0,0,1,0,3,1,0,8,0,0,0,0,0,0,0,6,0,0,0,0,0,0,0,0,1
"131",1613277932,6,5,0,0,1,0,2,0,0,0,0,0,0,0,0,0,0,0,0,0,0,0,0,1,0,1,0,0,0,0,0,1,0
"132",1616064211,13,12,0,0,0,0,0,0,0,0,0,0,2,0,0,0,0,0,0,0,0,0,0,0,0,0,0,0,0,0,0,2,0
"133",1652071291,11,2,0,0,2,0,0,0,0,0,1,0,0,0,0,0,0,0,0,0,0,0,0,0,0,1,0,0,0,0,0,1,0
"134",1661094252,9,14,0,0,0,0,3,0,0,0,1,0,0,0,0,0,0,1,0,0,0,0,0,3,7,1,0,0,0,0,0,0,4
"135",1726823845,6,20,0,0,1,0,1,4,0,0,1,0,3,2,0,0,0,0,0,0,0,0,1,0,0,0,0,0,0,0,0,3,0
"136",1910697216,11,17,0,0,1,0,0,1,0,0,3,0,1,0,0,0,0,0,0,0,0,0,0,0,0,0,0,0,0,0,0,0,0
"137",2162210552,3,4,0,0,1,0,1,0,0,0,1,0,1,0,0,0,0,0,0,0,0,0,0,0,0,0,0,0,0,0,1,0,0
"138",2182606332,0,0,0,0,0,0,0,0,0,0,0,0,0,0,0,0,0,0,7,0,0,0,0,0,0,0,0,0,0,0,0,0,0
"139",2233679516,3,4,0,0,1,0,1,1,0,0,0,0,0,0,0,0,0,0,0,0,0,0,0,0,0,0,0,0,0,0,0,0,0
"140",2270413154,2,3,0,0,0,0,3,1,0,0,0,0,2,0,0,0,0,0,0,0,0,0,0,0,0,0,0,0,0,0,0,0,0
"141",2277338033,7,5,0,0,1,0,1,0,0,0,1,0,1,2,0,0,0,0,0,0,0,1,0,1,0,0,0,0,0,0,0,0,0
"142",2360450804,4,12,0,0,1,0,1,1,0,0,2,0,1,3,0,0,0,0,0,0,0,0,0,0,1,0,0,0,1,0,1,0,1
"143",2366000437,6,10,0,0,0,0,0,2,0,0,1,0,14,6,0,3,0,0,0,0,0,0,0,0,0,0,0,0,0,0,1,0,5
"144",2384621232,7,2,0,0,1,0,2,0,0,0,0,0,0,0,0,0,0,0,0,0,0,0,0,0,0,0,0,0,0,0,0,0,0
"145",2407825602,6,4,0,0,1,0,9,0,0,0,0,0,0,0,0,0,0,0,0,0,0,0,0,3,1,0,1,0,0,0,0,0,1
"146",2414616132,3,3,0,0,1,0,0,0,0,0,0,0,0,0,0,0,0,1,0,0,0,0,0,0,1,0,0,0,0,0,0,0,0
"147",2454317240,1,2,0,0,3,0,1,0,0,0,0,0,0,0,0,0,0,0,0,0,0,1,0,1,1,0,0,0,0,0,0,0,0
"148",2460092341,3,7,0,0,2,0,1,1,0,0,1,0,2,28,0,0,0,0,0,0,0,1,0,0,1,0,0,0,0,0,0,0,0
"149",2460974640,6,11,0,0,2,0,0,2,0,0,2,0,2,12,0,0,0,0,0,0,0,0,0,0,0,0,0,0,0,0,0,0,4
"150",2514475647,2,5,0,0,1,0,2,2,0,0,0,0,0,0,0,0,0,0,0,0,0,0,0,0,1,0,0,0,0,0,0,0,0
"151",2521350702,5,2,0,0,1,0,0,0,0,0,0,0,0,0,0,0,0,0,0,0,0,0,0,1,1,0,0,0,0,0,1,0,1
"152",2658842593,2,0,0,0,2,0,5,0,0,0,0,0,0,0,0,0,0,0,0,0,0,0,0,0,7,0,0,0,0,0,0,0,0
"153",2749640440,3,3,0,0,2,0,0,2,0,0,0,0,0,0,0,0,0,0,0,0,0,1,0,0,1,0,0,0,0,0,0,0,0
"154",2800466323,11,22,0,0,3,0,0,4,0,0,2,0,6,10,0,0,0,0,0,0,0,1,0,0,0,0,0,0,0,0,0,0,4
"155",2802845137,4,2,0,0,3,0,2,0,0,0,1,0,0,0,0,0,0,0,0,0,0,1,0,2,1,0,0,0,0,0,0,1,0
"156",2829196009,5,7,0,0,2,0,0,0,0,0,0,0,0,0,0,0,0,0,0,0,0,0,0,0,1,0,0,0,0,0,0,0,0
"157",2834230515,5,5,0,0,1,1,0,1,1,0,1,0,0,1,0,0,0,0,0,0,0,0,0,0,0,0,0,0,0,0,0,1,1
"158",2842156169,2,2,0,0,2,0,1,0,0,0,0,0,0,0,0,0,0,0,0,0,0,0,0,0,1,0,0,0,0,0,0,1,0
"159",2856066637,5,9,0,0,0,0,3,0,0,0,0,0,0,0,0,1,0,2,0,0,0,0,0,4,5,1,0,0,0,0,1,0,1
"160",2858925305,6,2,0,0,1,0,2,0,0,0,0,0,0,0,0,0,0,0,0,0,0,0,0,0,0,1,0,0,0,0,0,0,0
"161",2878212065,10,8,0,0,3,0,0,0,0,0,1,0,1,2,0,0,0,0,0,0,0,0,0,0,1,1,0,0,0,0,0,0,0
"162",2896439073,3,3,0,0,1,0,0,0,0,1,1,0,1,0,0,0,0,1,0,0,0,0,0,1,2,0,0,0,0,0,0,0,0
"163",2922345639,7,11,0,0,4,0,1,0,0,0,0,0,1,0,0,0,0,0,0,0,0,0,0,0,4,0,0,0,0,0,0,1,0
"164",2987245137,4,18,0,0,1,0,0,0,0,0,3,0,1,3,0,0,0,0,0,0,0,0,0,0,0,0,0,0,2,0,0,2,1
"165",2994238670,3,1,0,0,3,0,0,0,0,0,0,0,0,0,0,0,0,0,0,0,0,0,0,0,0,0,0,0,0,0,0,0,1
"166",3002457954,8,10,0,0,1,0,2,0,0,0,2,0,2,2,0,1,0,0,0,0,0,0,0,1,1,0,0,0,0,0,0,2,0
"167",3031988608,5,6,0,0,0,0,3,0,0,0,0,0,0,0,0,1,0,1,0,0,0,0,0,1,1,0,0,0,0,0,0,0,0
"168",3066795690,7,2,0,0,1,0,0,0,0,0,0,0,0,0,0,1,0,0,0,0,0,0,0,0,1,0,0,0,0,0,0,1,0
"169",3077923751,2,9,0,0,0,1,0,0,0,0,0,0,1,0,0,0,0,0,0,0,0,0,0,0,0,0,0,0,0,0,0,0,0
"170",3086133399,3,7,0,0,2,1,0,1,0,0,1,0,0,1,0,0,0,0,0,0,0,0,0,0,0,0,0,0,0,0,0,0,0
"171",3091759240,7,10,0,0,2,0,3,0,0,0,1,0,1,0,0,0,0,1,0,0,0,1,0,2,1,0,0,0,0,0,0,0,1
"172",3119526652,6,4,0,0,2,0,0,0,0,0,1,0,0,0,0,1,0,0,0,0,0,0,0,0,0,0,0,0,0,0,1,0,0
"173",3131529893,3,3,0,0,2,1,1,0,0,0,6,0,6,3,0,0,0,0,0,0,0,0,0,0,0,0,0,0,0,0,0,0,0
"174",3183063212,3,4,0,0,3,0,1,0,0,0,0,0,0,0,0,0,0,0,0,0,0,0,0,1,1,0,0,0,0,0,0,0,0
"175",3304499628,9,7,0,0,1,0,3,0,0,0,0,0,2,0,0,2,0,1,0,0,0,0,0,0,3,1,0,0,0,0,1,2,2
"176",3312050120,7,3,0,0,1,0,0,1,0,0,2,0,0,0,0,0,0,0,0,0,0,1,0,0,2,0,0,0,0,0,0,0,0
"177",3346772775,4,4,0,0,0,0,1,1,0,0,1,0,0,0,0,0,0,0,0,0,0,0,0,0,0,0,0,0,0,0,0,1,0
"178",3376927462,9,23,0,0,1,2,20,0,0,1,4,0,0,4,0,3,0,1,0,0,0,0,0,5,1,1,0,0,0,0,1,0,6
"179",3404578630,4,4,0,0,0,0,0,0,0,1,0,0,2,1,0,0,0,0,0,0,0,0,0,0,0,0,0,0,0,0,0,0,1
"180",3410256856,6,3,0,0,3,0,0,0,0,0,0,0,0,0,0,0,0,0,0,0,0,0,0,1,0,0,0,0,0,0,1,0,0
"181",3433069607,0,4,0,0,3,0,1,0,0,0,0,1,0,0,0,0,0,0,0,0,0,0,0,0,0,0,0,0,0,0,0,0,0
"182",3870061702,41,31,0,0,49,1,0,1,0,2,23,0,0,1,0,0,0,0,0,0,0,15,1,3,1,0,0,0,0,0,0,0,10
"183",3997870336,3,3,0,0,1,0,1,1,0,0,0,0,0,0,0,0,0,0,0,0,0,0,0,2,3,0,0,0,0,0,0,0,0
"184",4402041737,7,6,0,0,2,0,14,4,0,0,0,0,1,0,0,1,0,0,0,0,0,0,0,1,0,1,0,0,1,0,1,1,8
"185",4513515614,2,2,0,0,2,0,1,0,0,0,0,0,0,0,0,0,0,0,0,0,0,0,0,0,2,0,0,0,0,0,1,0,0
"186",4615453154,1,6,0,0,1,0,0,0,0,0,0,0,1,1,0,0,0,0,0,0,0,0,0,1,0,1,0,0,1,0,0,0,0
"187",4918885219,5,10,0,0,0,0,2,0,0,0,0,0,1,0,0,0,0,1,0,0,0,0,0,5,5,0,0,0,0,0,0,0,0
"188",701157115742650368,0,4,0,0,2,0,0,4,0,0,5,0,0,2,0,0,0,0,0,0,0,1,0,0,0,1,0,0,0,0,0,0,0
"189",704462639242616832,7,6,0,0,1,0,0,0,0,0,0,0,0,0,0,0,0,1,0,0,0,0,0,2,1,1,0,0,0,0,0,0,3
"190",704950435942105088,1,18,0,0,1,0,1,2,0,0,0,0,0,3,0,0,0,0,0,0,0,0,0,3,0,2,0,0,1,0,0,0,0
"191",705097012736200704,5,11,0,0,2,0,3,0,0,0,0,0,0,0,0,0,0,0,0,0,0,1,0,4,2,3,0,0,0,0,0,1,1
"192",707300463318847488,0,4,0,0,1,0,6,0,0,0,1,0,0,0,0,0,0,0,0,0,0,0,0,1,0,0,0,0,0,0,0,2,1
"193",707543656832471040,1,7,0,0,1,0,0,0,0,0,0,0,0,2,0,0,0,0,0,0,0,0,0,0,0,0,0,0,0,0,0,0,1
"194",708437804670455808,3,8,0,0,1,0,0,0,0,0,0,0,0,1,0,0,0,0,0,0,0,0,0,0,2,0,0,0,0,0,0,0,0
"195",711623943631851520,5,4,0,0,2,0,0,0,0,0,1,0,0,0,0,0,0,0,0,0,0,1,0,1,0,1,0,0,0,0,0,0,0
"196",717363629847396352,2,2,0,0,0,0,2,0,0,0,0,0,0,0,0,0,0,1,0,0,0,0,0,1,3,2,0,0,0,0,0,0,0
"197",718989462978453504,2,7,0,0,4,0,6,1,0,0,0,0,0,0,0,0,0,0,0,0,0,0,0,1,0,1,0,0,0,0,0,2,0
"198",720492913491382272,3,5,0,0,1,0,1,1,0,0,0,0,6,3,0,0,0,0,0,0,0,0,0,0,1,0,0,0,0,0,0,0,0
"199",723896723794440320,94,27,0,0,1,0,2,0,0,0,5,0,2,2,0,0,0,0,0,0,0,1,0,0,0,0,0,0,0,0,0,0,0
"200",726137975264825344,1,2,0,0,1,0,2,0,0,0,0,0,0,0,0,0,0,0,0,0,0,0,0,0,1,0,0,0,0,0,0,0,0
"201",728356089029373952,3,2,0,0,1,0,0,0,0,0,0,0,0,1,0,1,0,0,0,0,0,0,0,0,1,0,0,0,0,0,1,0,0
"202",729389585445363712,2,1,0,0,0,0,1,0,0,0,0,0,0,0,0,0,0,0,0,0,0,0,0,5,1,0,0,0,0,0,0,0,0
"203",735878842519289728,3,6,0,0,3,0,3,2,0,0,1,0,1,1,0,0,0,0,0,0,0,0,0,0,1,0,0,0,1,0,0,1,1
"204",751563742069006208,1,1,0,0,1,0,1,0,0,0,0,0,0,1,0,1,0,0,0,0,0,0,0,0,1,0,0,0,0,0,0,0,1
"205",754901630101753728,7,7,0,0,2,0,1,0,0,0,0,0,0,0,0,0,0,0,0,0,0,0,0,0,2,1,0,0,0,0,0,0,1
"206",756136485015945216,4,2,0,0,0,0,0,0,0,0,1,0,1,0,0,0,0,0,0,0,0,0,0,0,1,0,0,0,0,0,0,1,0
"207",763952535245688832,4,3,0,0,1,0,2,0,0,1,0,0,0,1,0,1,0,0,0,0,0,0,0,0,1,2,0,0,0,0,1,0,0
"208",766259231431548928,1,1,0,0,0,0,3,0,0,0,1,0,0,0,0,0,0,0,0,0,0,0,0,1,0,0,0,0,0,0,1,0,0
"209",768662780291317760,3,4,0,0,1,0,0,0,0,0,0,0,0,0,0,0,0,0,0,0,0,0,0,0,1,2,0,0,0,0,0,0,0
"210",780829149950726144,11,11,0,0,10,0,6,3,0,0,0,0,1,0,0,0,0,0,0,0,0,2,0,1,4,0,0,0,2,0,0,0,0
"211",784566226999767040,3,5,0,0,2,0,3,0,0,0,0,0,1,0,0,0,0,0,0,0,0,0,0,1,0,2,0,0,0,0,0,0,1
"212",787123822109523840,8,5,0,0,1,0,1,0,0,0,0,0,0,2,0,0,0,0,0,0,0,0,0,0,1,0,0,0,0,0,0,0,0
"213",790915455976411008,5,9,0,0,1,0,1,0,0,0,0,0,0,0,1,0,0,1,0,0,0,0,0,3,0,1,0,0,0,0,0,1,3
"214",792713303621533696,5,7,0,0,1,0,0,3,0,0,0,0,1,3,0,0,0,0,0,0,0,2,0,0,2,0,0,0,0,0,1,0,1
"215",796380274435227520,10,5,0,0,3,0,2,0,0,1,0,0,0,0,0,1,0,0,0,0,0,1,0,0,1,1,0,0,1,0,0,1,0
"216",796899745889402880,7,11,0,0,0,0,3,0,0,0,0,0,0,0,0,0,0,0,0,0,0,0,0,6,6,0,0,0,0,0,0,1,0
"217",801225039081312128,5,3,0,0,2,0,0,0,0,0,1,0,0,0,0,0,0,0,0,0,0,0,0,0,1,0,0,0,0,0,0,0,0
"218",808648679645069312,2,2,0,0,1,0,2,1,0,1,0,0,0,0,0,0,0,0,0,0,0,0,0,0,0,0,0,0,0,0,0,0,1
"219",816774935175634944,10,9,0,0,0,0,0,0,0,0,1,0,0,0,0,0,0,0,0,0,0,0,0,0,0,0,0,0,0,0,0,1,0
"220",819231737637117952,0,4,0,0,1,0,0,0,0,0,0,0,0,0,0,0,0,1,0,0,0,0,0,0,0,2,0,0,0,0,0,0,1
"221",821896291122823040,0,6,0,0,2,0,2,0,0,0,0,0,0,0,0,0,0,0,0,0,0,0,0,0,1,0,0,0,0,0,0,0,0
"222",823277621890977920,4,7,0,0,2,0,0,0,0,0,2,0,0,0,0,1,0,0,0,0,0,0,0,0,1,0,0,0,0,0,1,0,1
"223",824038218916130816,2,9,0,0,4,0,8,1,0,0,0,0,1,0,0,0,0,0,0,0,0,0,0,1,8,1,0,0,0,0,0,0,15
"224",824342652443193344,2,4,0,0,0,0,1,3,0,0,0,0,1,1,0,0,0,0,0,0,0,0,0,0,1,0,0,0,0,0,0,0,4
"225",825074418011471872,9,19,0,0,20,0,1,0,0,0,9,0,0,2,0,1,0,0,0,0,0,3,0,1,0,0,0,0,0,0,2,0,1
"226",826278432161935360,4,14,0,0,2,1,0,1,0,0,1,0,3,1,0,0,0,0,0,0,0,0,0,0,1,0,0,0,0,0,0,0,0
"227",831044722177224704,2,6,0,0,1,0,0,1,0,0,0,0,0,0,0,0,0,0,0,0,0,1,0,2,4,0,0,0,1,0,0,0,1
"228",838293705907916800,6,5,0,0,1,0,1,0,0,0,2,0,0,0,0,0,0,0,0,0,0,0,0,1,1,0,0,0,0,0,0,0,0
"229",840194109017075712,10,30,0,0,0,0,1,3,0,0,3,0,1,6,0,0,0,0,0,0,0,0,0,0,0,0,0,0,1,0,0,1,1
"230",841885784068222848,4,19,0,0,14,0,1,0,0,0,0,0,0,1,0,0,0,0,0,0,0,6,0,0,0,0,0,0,0,0,0,0,3
"231",844242728091357184,2,13,0,0,1,0,0,0,0,0,0,0,1,0,0,0,0,0,0,0,0,0,0,0,0,1,0,0,0,0,0,0,0
"232",844716665866780672,6,8,0,0,2,0,5,0,0,0,0,0,0,0,0,1,0,0,0,0,0,1,0,7,11,0,0,0,0,0,1,0,1
"233",845460673060634624,2,7,0,0,2,0,0,0,0,0,0,0,0,0,0,0,0,0,0,0,0,0,0,0,0,0,0,0,0,0,0,0,0
"234",847244369384034304,2,1,0,0,2,0,0,0,0,0,1,0,0,0,0,0,0,0,0,0,0,0,0,0,0,0,0,0,0,0,0,0,0
"235",848357257150648320,1,4,0,0,3,0,0,2,0,0,0,0,0,0,0,0,0,0,0,0,0,0,0,0,0,1,0,0,0,0,0,0,0
"236",848527946134540160,7,10,0,0,2,0,0,2,0,0,0,0,0,1,0,0,0,0,0,0,0,0,0,0,0,0,0,0,0,0,0,0,0
"237",858676042009071616,1,11,0,0,1,0,1,0,0,0,0,0,1,0,0,1,0,0,0,0,0,1,0,1,0,0,0,0,0,0,0,0,0
"238",866854766067933184,3,7,0,0,1,0,4,0,0,0,0,0,0,0,0,0,0,1,0,0,0,0,0,0,3,0,0,0,0,0,0,0,4
"239",870468896255385600,9,10,0,0,1,0,0,0,0,0,0,0,0,0,0,0,0,2,0,0,0,0,0,0,1,0,0,0,0,0,0,0,3
"240",873243062604107648,2,2,0,0,2,0,0,0,0,0,0,0,0,0,0,0,0,0,0,0,0,0,0,2,0,0,0,0,0,0,0,1,0
"241",885957619919200128,6,11,0,0,3,0,0,3,0,0,1,0,1,3,0,0,0,0,0,0,0,0,0,0,2,0,0,0,0,0,0,0,2
"242",886291360692752384,4,4,0,0,0,0,1,0,0,0,1,0,0,2,0,0,0,0,0,0,0,0,0,0,0,0,0,0,0,0,0,1,0
"243",889998697013976960,1,6,0,0,1,0,1,0,0,0,0,0,1,1,0,0,0,1,0,0,0,0,0,0,0,0,0,0,0,0,0,0,0
"244",892167582626717696,4,1,0,0,1,0,0,0,0,0,0,0,0,0,0,0,0,0,0,0,0,0,0,1,0,1,0,0,0,0,0,1,0
"245",897358960239443840,1,2,0,0,0,0,0,1,0,0,1,0,2,1,0,0,0,0,0,0,0,0,0,0,0,0,0,0,0,0,0,0,1
"246",909522189904433280,4,4,0,0,2,0,1,0,0,0,0,0,0,0,0,1,0,0,0,0,0,0,0,0,0,0,0,0,0,0,0,0,1
"247",910700376038543232,1,3,0,0,2,0,1,2,0,0,0,0,0,0,0,0,0,0,0,0,0,0,0,0,0,0,0,0,0,0,0,0,0
"248",911949868343607296,0,6,0,0,0,0,0,0,0,0,0,0,3,0,0,0,0,0,0,0,0,0,0,0,0,0,0,0,0,0,0,1,1
"249",912022244808732672,0,3,0,0,0,0,1,0,0,0,0,0,0,0,0,0,0,0,0,0,0,0,0,5,4,0,0,0,0,0,0,0,0
"250",915240567482830720,1,3,0,0,3,0,2,1,0,0,0,0,0,0,0,0,0,0,0,0,0,1,0,0,1,0,0,0,0,0,0,0,1
"251",921053539559813120,2,8,0,0,2,0,0,0,0,0,0,0,0,0,0,0,0,0,0,0,0,0,0,0,0,0,0,0,0,0,1,0,0
"252",930872267952742400,1,12,0,0,1,0,1,0,0,0,0,0,0,3,0,0,0,0,0,0,0,0,0,0,0,2,0,0,0,0,0,1,2
"253",935640169176219520,9,3,0,0,1,0,1,0,0,0,1,0,0,3,0,0,0,0,0,0,0,0,0,0,0,0,0,0,0,0,0,0,2
"254",938152602935726080,8,13,0,0,1,0,3,0,0,0,0,0,1,0,0,0,0,2,0,0,0,1,0,2,6,1,0,0,0,0,0,0,3
"255",942034931483418624,1,5,0,0,3,0,0,0,0,0,0,0,0,3,0,0,0,0,0,0,0,1,0,0,0,0,0,0,0,0,0,0,0
"256",947850520194039808,4,8,0,0,0,1,3,0,0,0,1,0,0,1,1,1,0,0,0,0,0,1,0,1,1,2,0,0,0,0,0,2,2
"257",951213685015445632,3,2,0,0,1,0,1,1,0,0,0,0,0,0,0,0,0,0,0,0,0,0,0,0,0,0,0,0,0,0,1,0,0
"258",955685794433318656,0,3,0,0,2,0,6,1,0,0,0,0,0,2,0,0,0,0,0,0,0,0,0,0,0,2,0,0,0,0,1,0,1
"259",958199613781106560,10,1,0,0,1,0,1,0,0,0,1,0,0,1,0,0,0,0,0,0,0,0,0,0,0,0,0,0,0,0,0,5,0
"260",969514750492147456,4,12,0,0,1,0,1,0,0,0,0,0,0,0,0,0,0,0,0,0,0,0,0,2,3,0,0,0,0,0,0,0,0
"261",972587059448868864,3,4,0,0,1,0,0,0,0,0,0,0,0,0,0,0,0,0,0,0,0,0,0,0,1,0,0,0,1,0,0,0,0
"262",974117468275969920,5,3,0,0,2,0,0,0,0,0,0,0,0,0,0,0,0,0,0,0,0,0,0,1,1,0,0,0,0,0,0,0,0
"263",977254766983164032,3,8,0,0,1,0,0,1,0,0,2,0,0,0,0,0,0,0,0,0,0,0,0,0,2,0,0,0,0,0,0,0,1
"264",978120517445038080,3,5,0,0,1,0,1,0,0,0,1,0,0,1,0,0,0,0,0,0,0,0,0,0,3,2,0,0,0,0,0,0,1
"265",978360743207866368,6,5,0,0,0,0,0,1,0,0,3,0,1,6,0,0,0,0,0,0,0,0,0,0,0,0,0,0,0,0,0,0,0
"266",992274807537324032,2,6,0,0,2,0,2,1,0,0,0,0,1,0,0,0,0,0,0,0,0,0,0,0,0,2,0,0,0,0,0,0,0
"267",995397007756886016,6,14,0,0,0,0,0,4,0,0,2,0,3,2,0,0,0,0,0,0,0,0,0,0,0,0,0,0,0,0,0,4,7
"268",998941009965998080,5,4,0,0,1,0,0,0,0,0,0,0,0,0,0,0,0,0,0,0,0,0,0,0,1,0,0,0,0,0,0,0,0
"269",1001173159675072256,6,4,0,0,2,1,0,0,0,0,0,0,0,0,0,1,0,0,0,0,0,1,0,0,0,2,0,0,0,0,1,0,0
"270",1002169745737691136,92,79,0,0,10,0,6,2,0,0,5,0,2,11,0,1,0,0,0,0,0,3,0,4,3,0,0,0,0,0,0,1,9
"271",1.011708602393e+18,10,1,0,0,1,0,2,0,0,0,0,0,0,1,0,0,0,0,0,0,0,0,0,0,0,0,0,0,0,0,0,0,0
"272",1018648320355585920,3,4,0,0,1,0,3,0,0,0,0,0,0,0,0,0,0,0,0,0,0,0,0,2,0,0,0,0,0,0,0,0,0
"273",1019822013760720896,12,3,0,0,1,0,2,0,0,0,0,0,0,0,0,0,0,0,0,0,0,0,0,1,0,0,0,0,1,0,0,0,0
"274",1028305702081765120,2,3,0,0,1,0,2,0,0,0,1,0,0,0,0,0,0,0,0,0,0,0,0,0,1,0,0,0,0,0,0,0,0
"275",1033810899729960832,3,17,0,0,0,0,0,3,0,0,0,0,0,1,0,0,0,0,0,0,0,1,0,0,0,0,0,0,0,0,0,1,0
"276",1036245311721635840,1,4,0,0,1,0,0,0,0,0,0,0,0,1,0,0,0,0,0,0,0,0,0,0,0,2,0,0,0,0,0,0,1
"277",1036828279968280320,4,2,0,0,2,0,1,0,1,0,1,0,0,0,0,0,0,0,0,0,0,0,0,2,1,0,0,0,0,0,0,0,1
"278",1039240054147829632,2,4,0,0,2,0,4,1,0,0,0,0,1,0,0,0,0,0,0,0,0,0,0,1,2,0,0,0,0,0,0,2,2
"279",1040707285218205696,1,1,0,0,2,0,0,1,0,0,0,0,1,0,0,0,0,1,0,0,0,0,0,0,0,0,0,0,0,0,0,1,1
"280",1042920837509132160,0,2,0,0,1,0,5,0,0,0,0,0,0,0,0,0,0,0,0,0,0,0,0,1,1,10,0,0,0,0,0,27,0
"281",1049655355008016384,5,6,0,0,1,0,1,1,0,0,0,0,0,0,0,0,0,1,0,0,0,0,0,0,0,0,0,0,1,0,0,0,1
"282",1050430066214297600,3,5,0,0,2,0,1,0,0,0,0,0,0,0,0,0,0,0,0,0,0,0,0,0,0,0,0,0,0,0,0,0,0
"283",1055930895125937920,18,17,0,0,3,0,17,7,0,0,1,0,1,5,0,0,0,0,0,0,0,0,0,3,6,0,0,0,4,0,0,0,1
"284",1068156638312497280,6,4,0,0,1,0,2,1,0,0,0,0,0,2,0,0,0,0,0,0,0,0,0,0,0,1,0,0,0,0,0,0,1
"285",1068900707489713920,5,5,0,0,3,0,2,1,0,0,0,0,0,0,0,1,0,0,0,0,0,1,0,0,0,0,0,0,0,0,0,1,1
"286",1070441409675755520,44,24,0,0,9,0,0,0,0,0,0,0,0,10,0,0,0,0,0,0,0,7,0,0,0,0,0,0,0,0,0,0,1
"287",1073859867037839232,3,12,0,0,1,0,3,0,0,0,1,0,0,1,0,1,0,0,0,0,0,1,0,1,4,2,0,0,0,0,1,0,3
"288",1080796608839614464,2,4,0,0,2,0,0,3,0,0,2,0,0,0,0,2,0,0,0,0,0,0,0,0,0,0,0,0,0,0,0,0,0
"289",1089847455003365120,13,21,0,0,1,0,4,0,0,0,0,0,0,1,0,1,0,1,0,0,0,0,0,1,11,0,0,0,0,0,1,0,3
"290",1089915201196044160,0,5,0,0,1,0,0,0,0,0,0,0,1,0,0,0,0,0,0,0,0,0,0,0,1,0,0,0,0,0,0,0,0
"291",1097140001052209280,1,3,0,0,4,0,0,2,0,0,1,0,0,2,0,0,0,0,0,0,0,0,0,0,0,0,0,0,0,0,0,1,1
"292",1098384467524227072,2,1,0,0,2,0,0,1,0,0,0,0,0,0,0,0,0,0,0,0,0,0,0,0,1,0,0,0,0,0,0,0,1
"293",1098654493565222656,6,10,0,0,2,0,0,3,0,0,0,0,1,0,0,0,0,0,0,0,0,0,0,0,0,1,0,0,1,0,0,0,0
"294",1101420988296716160,2,8,0,0,2,0,2,0,0,0,0,0,0,0,0,0,0,0,0,0,0,1,0,0,3,0,0,0,0,0,0,0,2
"295",1105905636188016640,5,6,0,0,1,0,0,0,1,0,2,0,1,0,0,0,0,0,0,0,0,0,0,2,0,0,0,0,0,0,0,0,0
"296",1107840417284931584,7,8,0,0,1,0,3,1,0,0,0,0,1,0,0,0,0,0,0,0,0,0,0,0,0,0,0,0,0,0,0,0,1
"297",1109256129492762624,7,8,0,0,1,0,0,0,0,0,1,0,0,2,0,0,0,0,0,0,0,0,0,1,1,0,0,0,0,0,0,0,0
"298",1110097339522445056,2,4,0,0,1,0,4,0,0,0,0,0,0,0,0,0,0,0,0,0,0,0,0,0,1,0,0,0,0,0,0,0,1
"299",1110221398792904832,8,3,0,0,1,0,1,0,0,0,1,0,1,0,0,0,0,0,0,0,0,0,0,0,0,0,0,0,0,0,0,0,0
"300",1111101951020720000,7,4,0,0,2,0,2,0,0,0,0,0,1,0,0,0,0,0,0,0,0,0,0,1,0,0,0,0,0,0,1,3,2
"301",1114550006864855040,11,9,0,0,2,0,4,2,0,0,0,0,1,2,0,0,0,0,0,0,0,0,0,1,2,1,0,0,1,0,0,10,7
"302",1116137163798794240,6,6,0,0,1,0,0,0,0,0,1,0,0,0,0,0,0,0,0,0,0,0,0,0,1,0,0,0,0,0,0,2,0
"303",1117882918049865600,4,17,0,0,0,0,5,1,0,0,2,0,4,8,0,0,0,0,0,0,0,0,0,0,0,0,0,0,0,0,0,1,3
"304",1123911388160843520,3,3,0,0,0,0,0,0,0,0,1,0,3,1,0,0,0,0,0,0,0,0,0,1,0,0,0,0,0,0,0,2,0
"305",1137957898741403520,8,25,0,0,1,1,0,1,0,0,4,0,1,6,0,0,0,0,0,0,0,0,0,0,0,0,0,0,0,0,0,0,6
"306",1150782124464791680,2,6,0,0,3,0,2,0,0,0,0,0,1,0,0,0,0,0,0,0,0,2,0,2,0,0,0,0,0,0,0,0,0
"307",1151258048599658496,5,1,0,0,1,0,0,1,0,0,1,0,0,0,0,0,0,0,0,0,0,2,0,0,0,0,0,0,0,0,0,0,0
"308",1151431086104297472,7,7,0,0,0,0,0,0,0,0,1,0,2,0,0,0,0,0,0,0,0,0,0,0,0,0,0,0,0,0,0,0,1
"309",1152707891608113280,5,6,0,0,0,0,1,0,1,0,1,0,0,0,0,0,0,0,0,0,0,0,0,2,1,0,0,0,0,0,0,0,2
"310",1159489261864964096,4,5,0,0,1,0,1,0,0,0,0,0,0,0,0,0,0,0,0,0,0,0,0,0,0,1,0,0,0,0,1,0,0
"311",1159568587419340800,5,2,0,0,1,0,3,0,0,0,0,0,0,0,0,1,0,0,0,0,0,0,0,0,2,0,0,0,0,0,1,0,2
"312",1164651776546627584,4,2,0,0,1,0,1,0,0,0,0,0,0,1,0,0,0,0,0,0,0,0,0,0,1,0,0,0,0,0,0,0,0
"313",1165398811008819200,5,13,0,0,1,0,5,0,0,0,0,0,0,0,0,0,0,2,0,0,0,1,0,0,3,0,0,0,0,0,0,0,2
"314",1166844461994971136,4,5,0,0,2,0,0,1,0,0,0,0,2,0,0,0,0,0,0,0,0,0,0,0,0,1,0,0,0,0,0,0,2
"315",1169080390113325056,0,7,0,0,1,0,0,0,0,0,0,0,1,0,0,1,0,0,0,0,0,0,0,0,0,0,0,0,0,0,0,0,1
"316",1173451103343665152,2,8,0,0,0,0,0,0,0,0,2,0,0,0,0,0,0,0,0,0,0,0,0,0,0,0,0,0,0,0,0,0,0
"317",1174262320790417408,5,2,0,0,0,0,1,1,0,0,1,0,0,0,0,0,0,1,0,0,0,0,0,3,2,0,0,0,0,0,0,0,3
"318",1174450958945980416,2,7,0,0,2,0,0,0,0,0,1,0,0,0,0,0,0,0,0,0,0,0,1,0,0,0,0,0,0,0,0,0,0
"319",1176466803737944064,5,5,0,0,1,0,0,0,0,0,0,0,0,0,0,0,0,1,0,0,0,0,0,1,3,0,0,0,0,0,1,0,1
"320",1.178167402259e+18,7,11,0,0,2,0,2,0,0,0,0,0,0,0,0,0,0,1,0,0,0,0,0,0,1,0,0,0,0,0,0,0,2
"321",1179810517852069888,1,4,0,0,2,0,0,0,0,0,2,0,0,1,0,0,0,0,0,0,0,0,0,1,2,0,0,0,0,0,0,0,1
"322",1186008181471924224,8,4,0,0,0,0,1,0,0,0,1,0,0,1,0,0,0,0,0,0,0,0,0,0,2,0,0,0,0,0,1,0,0
"323",1189678448010317824,1,5,0,0,2,0,0,0,0,0,0,0,1,0,0,1,0,0,0,0,0,0,0,3,6,0,0,0,0,0,0,0,0
"324",1192387693071785984,4,3,0,0,1,0,0,0,0,0,0,0,0,0,0,0,0,0,0,0,0,0,0,0,0,0,0,0,0,0,0,0,0
"325",1193514812334055424,8,9,0,0,1,1,3,3,0,0,0,0,1,6,0,0,0,0,0,0,0,0,0,0,0,0,0,0,0,0,0,0,2
"326",1200268873892712448,4,4,0,0,1,0,0,0,0,0,0,0,0,0,0,0,0,0,0,0,0,0,0,0,0,2,0,0,0,0,0,2,1
"327",1201887448709705728,2,4,0,0,2,0,0,1,0,0,1,0,1,2,0,0,0,0,0,0,0,1,0,0,1,0,0,0,0,0,0,1,0
"328",1203152672683184128,8,10,0,0,1,0,0,2,0,0,0,0,1,13,0,0,0,0,0,0,0,0,0,0,2,1,0,0,1,0,0,1,1
"329",1212868084479823872,2,2,0,0,2,0,0,2,0,0,0,0,0,0,0,0,0,0,0,0,0,1,0,0,0,0,0,0,0,0,1,0,0
"330",1215501781817528320,6,2,0,0,2,0,2,0,0,0,0,0,0,1,0,0,0,0,0,0,0,0,0,2,0,0,0,0,0,0,0,0,0
"331",1216813036473868288,10,6,0,0,0,0,0,0,0,0,0,0,0,1,0,0,0,0,0,0,0,0,0,0,1,0,0,0,0,0,0,0,1
"332",1216985701104918528,7,9,0,0,0,0,0,1,0,0,2,0,0,0,0,0,0,0,0,0,0,0,0,0,2,0,0,0,0,0,0,1,1
"333",1218261991481135104,5,4,0,0,0,0,0,0,0,0,0,0,4,0,0,0,0,0,0,0,0,0,0,0,1,0,0,0,0,0,0,0,1
"334",1220384458177687552,15,13,0,0,3,0,1,7,0,0,0,1,1,0,0,0,0,0,0,0,0,1,0,2,0,1,0,0,1,0,0,0,2
"335",1226972009411772416,4,4,0,0,1,0,6,1,0,0,3,0,0,0,0,0,0,1,0,0,0,1,0,0,2,0,0,0,0,0,0,0,0
"336",1227366227443515392,0,6,0,0,0,0,5,0,0,0,0,0,0,0,0,0,0,0,0,0,0,0,0,1,2,0,0,0,0,0,0,0,1
"337",1228669088391745536,4,4,0,0,1,0,6,0,0,0,0,0,0,0,0,0,0,0,0,0,0,0,0,1,0,0,0,0,0,0,0,0,0
"338",1229130534053433344,4,7,0,0,0,0,3,4,0,0,0,0,0,0,0,0,0,0,0,0,0,0,0,1,0,0,0,0,0,0,0,0,0
"339",1229644898950733824,2,5,0,0,2,0,0,0,1,0,1,0,1,2,0,1,0,0,0,0,0,0,0,0,0,0,0,0,0,0,0,0,2
"340",1230049989738536704,3,10,0,0,0,0,1,0,0,0,2,0,0,0,0,0,0,0,0,0,0,0,0,0,0,0,0,0,0,0,0,1,0
"341",1235212598859223040,2,4,0,0,3,0,1,0,0,0,0,0,0,0,0,0,0,0,0,0,0,1,0,0,0,1,0,0,0,0,0,0,0
"342",1237092192511918080,0,4,0,0,1,0,1,0,0,0,0,0,0,0,0,0,0,0,0,0,0,0,0,0,0,1,0,0,0,0,0,0,1
"343",1238467680773894144,6,18,0,0,0,0,1,0,0,0,0,0,0,0,1,0,0,0,29,0,0,0,0,0,0,0,0,0,0,0,0,0,0
"344",1242853042933940224,2,2,0,0,2,0,2,0,0,0,0,0,0,0,0,0,0,0,0,0,0,0,0,3,0,0,0,0,0,0,0,1,0
"345",1244219536561315840,7,10,0,0,1,1,1,2,0,0,1,0,3,3,0,0,0,0,0,0,0,0,0,0,0,0,0,0,0,0,0,1,7
